sdf001,carro
sdf002,carro
sdf003,carro
sdf004,carro
sdf005,carro
sdf006,carro
sdf007,carro
sdf008,carro
sdf009,carro
sdf010,carro
sdf011,carro
sdf012,carro
sdf013,carro
sdf014,carro
sdf015,carro
sdf016,carro
sdf017,carro
sdf018,carro
sdf019,carro
sdf020,carro
sdf021,carro
sdf022,carro
sdf023,carro
sdf024,carro
sdf025,carro
sdf026,carro
sdf027,carro
sdf028,carro
sdf029,carro
sdf030,carro
sdf031,carro
sdf032,carro
sdf033,carro
sdf034,carro
sdf035,carro
sdf036,carro
sdf037,carro
sdf038,carro
sdf039,carro
sdf040,carro
sdf041,carro
sdf042,carro
sdf043,carro
sdf044,carro
sdf045,carro
sdf046,carro
sdf047,carro
sdf048,carro
sdf049,carro
sdf050,carro
sdf051,carro
sdf052,carro
sdf053,carro
sdf054,carro
sdf055,carro
sdf056,carro
sdf057,carro
sdf058,carro
sdf059,carro
sdf060,carro
sdf061,carro
sdf062,carro
sdf063,carro
sdf064,carro
sdf065,carro
sdf066,carro
sdf067,carro
sdf068,carro
sdf069,carro
sdf070,carro
sdf071,carro
sdf072,carro
sdf073,carro
sdf074,carro
sdf075,carro
sdf076,carro
sdf077,carro
sdf078,carro
sdf079,carro
sdf080,carro
sdf081,carro
sdf082,carro
sdf083,carro
sdf084,carro
sdf085,carro
sdf086,carro
sdf087,carro
sdf088,carro
sdf089,carro
sdf090,carro
sdf091,carro
sdf092,carro
sdf093,carro
sdf094,carro
sdf095,carro
sdf096,carro
sdf097,carro
sdf098,carro
sdf099,carro
sdf100,carro